0,005/000001.jpg,720,404,189,347
1,005/000002.jpg,720,404,197,335
2,005/000003.jpg,720,404,213,320
3,005/000004.jpg,720,404,212,267
4,005/000005.jpg,720,404,212,276
5,005/000006.jpg,720,404,198,261
6,005/000007.jpg,720,404,163,257
7,005/000008.jpg,720,404,185,235
8,005/000009.jpg,720,404,203,243
9,005/000010.jpg,720,404,179,247
10,005/000011.jpg,720,404,157,266
11,005/000012.jpg,720,404,175,289
12,005/000013.jpg,720,404,184,301
13,005/000014.jpg,720,404,217,325
14,005/000015.jpg,720,404,258,346
15,005/000016.jpg,720,404,278,338
16,005/000017.jpg,720,404,324,299
17,005/000018.jpg,720,404,326,297
18,005/000019.jpg,720,404,310,291
19,005/000020.jpg,720,404,292,230
20,005/000021.jpg,720,404,220,237
21,005/000022.jpg,720,404,229,259
22,005/000023.jpg,720,404,230,277
23,005/000024.jpg,720,404,242,265
24,005/000025.jpg,720,404,234,264
25,005/000026.jpg,720,404,220,268
26,005/000027.jpg,720,404,223,270
27,005/000028.jpg,720,404,214,256
28,005/000029.jpg,720,404,247,277
29,005/000030.jpg,720,404,252,245
30,005/000031.jpg,720,404,214,262
31,005/000032.jpg,720,404,206,260
32,005/000033.jpg,720,404,219,259
33,005/000034.jpg,720,404,252,241
34,005/000035.jpg,720,404,213,263
35,005/000036.jpg,720,404,222,258
36,005/000037.jpg,720,404,203,250
37,005/000038.jpg,720,404,203,244
38,005/000039.jpg,720,404,233,241
39,005/000040.jpg,720,404,232,251
40,005/000041.jpg,720,404,242,278
41,005/000042.jpg,720,404,258,280
42,005/000043.jpg,720,404,303,285
43,005/000044.jpg,720,404,324,292
44,005/000045.jpg,720,404,336,296
45,005/000046.jpg,720,404,343,307
46,005/000047.jpg,720,404,355,314
47,005/000048.jpg,720,404,346,301
48,005/000049.jpg,720,404,328,296
49,005/000050.jpg,720,404,294,292
50,005/000051.jpg,720,404,257,285
51,005/000052.jpg,720,404,234,282
52,005/000053.jpg,720,404,258,298
53,005/000054.jpg,720,404,237,286
54,005/000055.jpg,720,404,214,241
